model,n_run,mean_fitness,std_fitness,best_fitness,mean_penalty,min_penalty,mean_exec_time,feasible_rate_%
Model 1 (Full COA),40,6.647477088441041e-06,2.735534959819557e-07,7.09919708081016e-06,150684.0,140860,1341.84,0.0
Model 2 (Greedy),40,4.0637876793928884e-06,4.987258347088912e-08,4.136829781864966e-06,246111.25,241730,1745.9455000000003,0.0
